date,daily_return
2016-01-04,0.0
2016-01-05,0.0
2016-01-06,0.0
2016-01-07,-0.001997003995005797
2016-01-08,-0.01945945945945939
2016-01-11,-0.05145167217934595
2016-01-12,-0.03293297171638898
2016-01-13,0.009214743589743698
2016-01-14,-0.05875347360063526
2016-01-15,0.046393926613243305
2016-01-18,-0.04675534058847219
2016-01-19,0.017336152219873016
2016-01-20,0.03366583541147133
2016-01-21,-0.02492963409730611
2016-01-22,-0.010721649484535922
2016-01-25,0.010004168403501436
2016-01-26,-0.025175402393726787
2016-01-27,-0.05292125317527517
2016-01-28,-0.022798390701832878
2016-01-29,-0.022415370539798665
2016-02-01,0.03649976602714073
2016-02-02,-0.01625282167042893
2016-02-03,0.017439192290041466
2016-02-04,0.011276499774469973
2016-02-05,0.012488849241748387
2016-02-15,-0.0370044052863436
2016-02-16,0.02378774016468442
2016-02-17,0.03217158176943692
2016-02-18,0.02251082251082257
2016-02-19,-0.011854360711261594
2016-02-22,0.01756640959725779
2016-02-23,0.005894736842105174
2016-02-24,-0.012557555462536438
2016-02-25,0.011021619330224504
2016-02-26,-0.07211740041928703
2016-02-29,-0.002259376412110223
2016-03-01,-0.0226449275362321
2016-03-02,0.02316960148285472
2016-03-03,0.05751811594202881
2016-03-04,-0.0034261241970020896
2016-03-07,0.02234636871508386
2016-03-08,-0.0025220680958385495
2016-03-09,-0.018120522545301422
2016-03-10,-0.0004291845493560842
2016-03-11,-0.026620867325032327
2016-03-14,0.020732245258050383
2016-03-15,0.013396715643906718
2016-03-16,-0.0072494669509596404
2016-03-17,0.015893470790378166
2016-03-18,0.019873150105708073
2016-03-21,0.027363184079602088
2016-03-22,0.010895883777239544
2016-03-23,-0.001996007984031906
2016-03-24,-0.004799999999999928
2016-03-25,-0.010852090032154425
2016-03-28,0.009345794392523475
2016-03-29,-0.015700483091787575
2016-03-30,-0.003680981595091969
2016-03-31,0.0311986863711002
2016-04-01,-0.009952229299363029
2016-04-05,0.0016083634901487493
2016-04-06,0.013247691690084351
2016-04-07,0.00633914421553093
2016-04-08,-0.02874015748031501
2016-04-11,0.009323064450750007
2016-04-12,0.004016064257027927
2016-04-13,0.005200000000000045
2016-04-14,0.01432550736171909
2016-04-15,0.002353864260494397
2016-04-18,-0.010176125244618483
2016-04-19,-0.005140371688414437
2016-04-20,0.0023847376788552897
2016-04-21,-0.034892942109436796
2016-04-22,-0.002465078060805348
2016-04-25,0.009060955518945752
2016-04-26,-0.004081632653061414
2016-04-27,0.008196721311475414
2016-04-28,-0.00569105691056902
2016-04-29,-0.004497138184791555
2016-05-03,0.003696098562628408
2016-05-04,0.016775777414075158
2016-05-05,-0.0004024144869213989
2016-05-06,0.002415458937198155
2016-05-09,-0.033333333333333444
2016-05-10,-0.02492729538845036
2016-05-11,0.004260758414997937
2016-05-12,-0.004242681374628832
2016-05-13,0.0055389859394971465
2016-05-16,-0.0025423728813557633
2016-05-17,0.00892098555649944
2016-05-18,-0.006736842105263056
2016-05-19,-0.005934718100890118
2016-05-20,-0.004264392324094015
2016-05-23,0.012847965738758233
2016-05-24,0.00042283298097237884
2016-05-25,-0.005494505494505412
2016-05-26,-0.003399915002124895
2016-05-27,-0.0008528784648188819
2016-05-30,0.0
2016-05-31,0.00298762270593252
2016-06-01,0.04553191489361699
2016-06-02,-0.004884004884004936
2016-06-03,0.0016359918200408753
2016-06-06,0.011841567986933643
2016-06-07,-0.004035512510088844
2016-06-08,-0.0028363047001621565
2016-06-13,-0.009752133279154794
2016-06-14,-0.03487894952810831
2016-06-15,-0.002551020408163227
2016-06-16,0.026854219948848963
2016-06-17,-0.006641760066417501
2016-06-20,0.005850396991224445
2016-06-21,0.00415454923140833
2016-06-22,-0.008688456764584192
2016-06-23,0.008764607679465772
2016-06-24,-0.0041373603640876494
2016-06-27,-0.016618196925633575
2016-06-28,0.015209125475285202
2016-06-29,0.012068248023304149
2016-06-30,0.004934210526315842
2016-07-01,0.0016366612111292714
2016-07-04,-0.003267973856209227
2016-07-05,0.023770491803278837
2016-07-06,0.0020016012810247894
2016-07-07,0.0059928086296443354
2016-07-08,0.0011914217633041918
2016-07-11,-0.0007933359777864582
2016-07-12,0.0003969829297340154
2016-07-13,0.03245579642857146
2016-07-14,0.0
2016-07-15,0.0
2016-07-18,0.0
2016-07-19,0.0
2016-07-20,0.0
2016-07-21,0.0
2016-07-22,0.0
2016-07-25,0.0
2016-07-26,0.0
2016-07-27,0.0
2016-07-28,0.0
2016-07-29,0.0
2016-08-01,0.0
2016-08-02,0.0
2016-08-03,0.0
2016-08-04,0.0
2016-08-05,0.0
2016-08-08,0.0
2016-08-09,0.0
2016-08-10,0.0
2016-08-11,0.0
2016-08-12,0.0
2016-08-15,0.0
2016-08-16,0.0
2016-08-17,0.0
2016-08-18,0.0
2016-08-19,0.0
2016-08-22,0.0
2016-08-23,0.0
2016-08-24,0.0
2016-08-25,0.0
2016-08-26,0.0
2016-08-29,0.0
2016-08-30,0.0
2016-08-31,0.0
2016-09-01,0.0
2016-09-02,0.0
2016-09-05,0.0
2016-09-06,0.0
2016-09-07,0.0
2016-09-08,0.0
2016-09-09,0.0
2016-09-12,0.0
2016-09-13,0.0
2016-09-14,0.0
2016-09-19,0.0
2016-09-20,0.0
2016-09-21,0.0
2016-09-22,0.0
2016-09-23,0.0
2016-09-26,0.0
2016-09-27,0.0
2016-09-28,0.0
2016-09-29,0.0
2016-09-30,0.0
2016-10-10,0.0
2016-10-11,0.0
2016-10-12,0.0
2016-10-13,0.0
2016-10-14,0.0
2016-10-17,0.0
2016-10-18,0.0
2016-10-19,0.0
2016-10-20,0.0
2016-10-21,0.0
2016-10-24,0.0
2016-10-25,0.0
2016-10-26,0.0
2016-10-27,0.0
2016-10-28,0.0
2016-10-31,0.0
2016-11-01,0.0
2016-11-02,0.0
2016-11-03,0.0
2016-11-04,0.0
2016-11-07,0.0
2016-11-08,0.0
2016-11-09,0.0
2016-11-10,0.0
2016-11-11,0.0
2016-11-14,0.0
2016-11-15,0.0
2016-11-16,0.0
2016-11-17,0.0
2016-11-18,0.0
2016-11-21,0.0
2016-11-22,0.0
2016-11-23,0.0
2016-11-24,0.0
2016-11-25,0.0
2016-11-28,0.0
2016-11-29,0.0
2016-11-30,0.0
2016-12-01,0.0
2016-12-02,0.0
2016-12-05,0.0
2016-12-06,0.0
2016-12-07,0.0
2016-12-08,0.0
2016-12-09,0.0
2016-12-12,0.0
2016-12-13,0.0
2016-12-14,0.0
2016-12-15,0.0
2016-12-16,0.0
2016-12-19,0.0
2016-12-20,0.0
2016-12-21,0.0
2016-12-22,0.0
2016-12-23,0.0
2016-12-26,0.0
2016-12-27,0.0
2016-12-28,0.0
2016-12-29,0.0
2016-12-30,0.0
2017-01-03,0.0
2017-01-04,0.0
2017-01-05,0.0
2017-01-06,0.0
2017-01-09,0.0
2017-01-10,0.0
2017-01-11,0.0
2017-01-12,0.0
2017-01-13,0.0
2017-01-16,0.0
2017-01-17,0.0
2017-01-18,0.0
2017-01-19,0.0
2017-01-20,0.0
2017-01-23,0.0
2017-01-24,0.0
2017-01-25,0.0
2017-01-26,0.0
2017-02-03,0.0
2017-02-06,0.0
2017-02-07,0.0
2017-02-08,0.0
2017-02-09,0.0
2017-02-10,0.0
2017-02-13,0.0
2017-02-14,0.0
2017-02-15,0.0
2017-02-16,0.0
2017-02-17,0.0
2017-02-20,0.0
2017-02-21,0.0
2017-02-22,0.0
2017-02-23,0.0
2017-02-24,0.0
2017-02-27,0.0
2017-02-28,0.0
2017-03-01,0.0
2017-03-02,0.0
2017-03-03,0.0
2017-03-06,0.0
2017-03-07,0.0
2017-03-08,0.0
2017-03-09,0.0
2017-03-10,0.0
2017-03-13,0.0
2017-03-14,0.0
2017-03-15,0.0
2017-03-16,0.0
2017-03-17,0.0
2017-03-20,0.0
2017-03-21,0.0
2017-03-22,0.0
2017-03-23,0.0
2017-03-24,0.0
2017-03-27,0.0
2017-03-28,0.0
2017-03-29,0.0
2017-03-30,0.0
2017-03-31,0.0
2017-04-05,0.0
2017-04-06,0.0
2017-04-07,0.0
2017-04-10,0.0
2017-04-11,0.0
2017-04-12,0.0
2017-04-13,0.0
2017-04-14,0.0
2017-04-17,0.0
2017-04-18,0.0
2017-04-19,0.0
2017-04-20,0.0
2017-04-21,0.0
2017-04-24,0.0
2017-04-25,0.0
2017-04-26,0.0
2017-04-27,0.0
2017-04-28,0.0
2017-05-02,0.0
2017-05-03,0.0
2017-05-04,0.0
2017-05-05,0.0
2017-05-08,0.0
2017-05-09,0.0
2017-05-10,0.0
2017-05-11,0.0
2017-05-12,-0.0019970039950057625
2017-05-15,0.014110657259561791
2017-05-16,0.0007323324789455566
2017-05-17,0.014270032930845129
2017-05-18,-0.011183261183261097
2017-05-19,-0.0014593214155417691
2017-05-22,0.0029229082937522756
2017-05-23,0.0003642987249544034
2017-05-24,0.00400582665695562
2017-05-25,0.0007254261878852647
2017-05-26,0.025371511417180307
2017-05-31,0.003888299752562563
2017-06-01,-0.005281690140844888
2017-06-02,0.004247787610619458
2017-06-05,-0.005992245329573646
2017-06-06,-0.0046099290780141165
2017-06-07,0.011043819023868928
2017-06-08,0.014799154334038016
2017-06-09,0.007010731249999975
2017-06-12,0.0
2017-06-13,0.0
2017-06-14,0.0
2017-06-15,0.0
2017-06-16,0.0
2017-06-19,0.0
2017-06-20,0.0
2017-06-21,0.0
2017-06-22,0.0
2017-06-23,0.0
2017-06-26,0.0
2017-06-27,0.0
2017-06-28,0.0
2017-06-29,0.0
2017-06-30,0.0
2017-07-03,0.0
2017-07-04,0.0
2017-07-05,0.0
2017-07-06,0.0
2017-07-07,0.0
2017-07-10,0.0
2017-07-11,0.0
2017-07-12,0.0
2017-07-13,0.0
2017-07-14,0.0
2017-07-17,0.0
2017-07-18,0.0
2017-07-19,0.0
2017-07-20,0.0
2017-07-21,0.0
2017-07-24,0.0
2017-07-25,0.0
2017-07-26,0.0
2017-07-27,0.0
2017-07-28,0.0
2017-07-31,0.0
2017-08-01,0.0
2017-08-02,0.0
2017-08-03,0.0
2017-08-04,0.0
2017-08-07,0.0
2017-08-08,0.0
2017-08-09,0.0
2017-08-10,0.0
2017-08-11,0.0
2017-08-14,0.0
2017-08-15,0.0
2017-08-16,0.0
2017-08-17,0.0
2017-08-18,0.0
2017-08-21,0.0
2017-08-22,0.0
2017-08-23,0.0
2017-08-24,0.0
2017-08-25,0.0
2017-08-28,0.0
2017-08-29,0.0
2017-08-30,0.0
2017-08-31,0.0
2017-09-01,0.0
2017-09-04,0.0
2017-09-05,0.0
2017-09-06,0.0
2017-09-07,0.0
2017-09-08,0.0
2017-09-11,0.0
2017-09-12,0.0
2017-09-13,0.0
2017-09-14,0.0
2017-09-15,0.0
2017-09-18,0.0
2017-09-19,0.0
2017-09-20,0.0
2017-09-21,0.0
2017-09-22,0.0
2017-09-25,0.0
2017-09-26,0.0
2017-09-27,0.0
2017-09-28,0.0
2017-09-29,0.0
2017-10-09,0.0
2017-10-10,0.0
2017-10-11,0.0
2017-10-12,0.0
2017-10-13,0.0
2017-10-16,0.0
2017-10-17,0.0
2017-10-18,0.0
2017-10-19,0.0
2017-10-20,0.0
2017-10-23,0.0
2017-10-24,0.0
2017-10-25,0.0
2017-10-26,0.0
2017-10-27,0.0
2017-10-30,0.0
2017-10-31,0.0
2017-11-01,0.0
2017-11-02,0.0
2017-11-03,0.0
2017-11-06,0.0
2017-11-07,0.0
2017-11-08,0.0
2017-11-09,0.0
2017-11-10,0.0
2017-11-13,0.0
2017-11-14,0.0
2017-11-15,0.0
2017-11-16,0.0
2017-11-17,0.0
2017-11-20,0.0
2017-11-21,0.0
2017-11-22,0.0
2017-11-23,0.0
2017-11-24,0.0
2017-11-27,0.0
2017-11-28,0.0
2017-11-29,0.0
2017-11-30,0.0
2017-12-01,0.0
2017-12-04,0.0
2017-12-05,0.0
2017-12-06,0.0
2017-12-07,0.0
2017-12-08,0.0
2017-12-11,0.0
2017-12-12,0.0
2017-12-13,0.0
2017-12-14,0.0
2017-12-15,0.0
2017-12-18,0.0
2017-12-19,0.0
2017-12-20,0.0
2017-12-21,0.0
2017-12-22,0.0
2017-12-25,0.0
2017-12-26,0.0
2017-12-27,0.0
2017-12-28,0.0
2017-12-29,0.0
2018-01-02,0.0
2018-01-03,0.0
2018-01-04,0.0
2018-01-05,0.0
2018-01-08,0.0
2018-01-09,0.0
2018-01-10,0.0
2018-01-11,0.0
2018-01-12,0.0
2018-01-15,0.0
2018-01-16,0.0
2018-01-17,0.0
2018-01-18,0.0
2018-01-19,0.0
2018-01-22,0.0
2018-01-23,0.0
2018-01-24,0.0
2018-01-25,0.0
2018-01-26,0.0
2018-01-29,0.0
2018-01-30,0.0
2018-01-31,0.0
2018-02-01,0.0
2018-02-02,0.0
2018-02-05,0.0
2018-02-06,0.0
2018-02-07,0.0
2018-02-08,0.0
2018-02-09,0.0
2018-02-12,0.0
2018-02-13,0.0
2018-02-14,-0.0019970039950058314
2018-02-22,0.022529288074496702
2018-02-23,0.011163337250293804
2018-02-26,0.012783265543288933
2018-02-27,0.008605851979345899
2018-02-28,-0.028441410693970517
2018-03-01,-0.008196721311475388
2018-03-02,0.005903187721369429
2018-03-05,0.0014671361502348768
2018-03-06,0.004980955171403397
2018-03-07,0.008163265306122425
2018-03-08,-0.008097165991902812
2018-03-09,0.013411078717201283
2018-03-12,0.012370540851553459
2018-03-13,-0.0031258880363740056
2018-03-14,-0.014253135689851816
2018-03-15,-0.002891844997108208
2018-03-16,0.008700696055684614
2018-03-19,-0.011788384128809854
2018-03-20,0.0029095141111434926
2018-03-21,0.007832898172323967
2018-03-22,-0.008635578583765268
2018-03-23,-0.04529616724738682
2018-03-26,-0.011253041362530351
2018-03-27,0.01784066441095051
2018-03-28,-0.014203686914475664
2018-03-29,-0.008277130594727154
2018-03-30,0.017310664605873213
2018-04-02,-0.0018231540565176749
2018-04-03,-0.011567732115677463
2018-04-04,0.0024638127502310727
2018-04-09,-0.0046082949308755465
2018-04-10,0.001543209876543238
2018-04-11,0.0249614791987672
2018-04-12,-0.0018039687312085592
2018-04-13,-0.005120481927710892
2018-04-16,-0.017257039055404114
2018-04-17,-0.013247073321010534
2018-04-18,-0.010615048392132363
2018-04-19,-0.005048911328494746
2018-04-20,0.010149064383127085
2018-04-23,-0.016954474097331227
2018-04-24,0.009900990099009941
2018-04-25,0.017394054395951895
2018-04-26,-0.0006216972334473911
2018-04-27,-0.018973561430793137
2018-05-02,0.0012682308180089242
2018-05-03,-0.0044331855604811884
2018-05-04,0.009541984732824367
2018-05-07,-0.0031505986137365513
2018-05-08,0.0186472819216181
2018-05-09,0.013962147067949028
2018-05-10,0.0003059975520196796
2018-05-11,0.006729886815539886
2018-05-14,-0.00668489820723181
2018-05-15,0.010400734169470773
2018-05-16,-0.002119285498032086
2018-05-17,-0.004854368932038901
2018-05-18,-0.009146341463414576
2018-05-21,0.019384615384615445
2018-05-22,-0.002112888620585566
2018-05-23,-0.007864488808227587
2018-05-24,-0.012804878048780452
2018-05-25,-0.00957381099444105
2018-05-28,0.0
2018-05-29,0.0034299968818210565
2018-05-30,-0.021131137352392765
2018-05-31,-0.004444444444444432
2018-06-01,0.012117346938775543
2018-06-04,0.0034656584751101946
2018-06-05,0.00408163265306123
2018-06-06,0.009693558474046318
2018-06-07,0.0037163208423660796
2018-06-08,-0.007096575131132428
2018-06-11,-0.01833436917339964
2018-06-12,0.00854700854700854
2018-06-13,0.007532956685499104
2018-06-14,-0.01152647975077875
2018-06-15,-0.0015757957768673466
2018-06-19,-0.007891414141414286
2018-06-20,-0.037543748011453944
2018-06-21,0.004958677685950504
2018-06-22,-0.01381578947368417
2018-06-25,0.01267511674449624
2018-06-26,-0.031949934123847216
2018-06-27,0.0006805035726437187
2018-06-28,-0.035022101326079504
2018-06-29,-0.00035236081747707705
2018-07-02,0.028903771589707392
2018-07-03,-0.030489893799246267
2018-07-04,-0.006713780918727933
2018-07-05,-0.009960868018498726
2018-07-06,-0.008264462809917427
2018-07-09,0.013768115942029023
2018-07-10,0.032165832737669695
2018-07-11,-0.02077562326869806
2018-07-12,0.0010608203677511324
2018-07-13,0.03037795831861534
2018-07-16,0.0006856359273225537
2018-07-17,-0.0054813292223363655
2018-07-18,-0.00447812607647262
2018-07-19,-0.0010380622837369666
2018-07-20,-0.006234845860755146
2018-07-23,0.017079121645172612
2018-07-24,0.017477724468814043
2018-07-25,0.019872010778039885
2018-07-26,-0.0016512549537648913
2018-07-27,-0.016209063843863666
2018-07-30,-0.001681237390719724
2018-07-31,-0.008083529808016092
2018-08-01,0.012903225806451648
2018-08-02,-0.03721086154877644
2018-08-03,-0.023676880222841198
2018-08-06,-0.016761768901569177
2018-08-07,-0.010518679724338
2018-08-08,0.029692082111436924
2018-08-09,-0.016375934496262026
2018-08-10,0.028230184581976146
2018-08-13,-0.008095740936290109
2018-08-14,0.005677785663591277
2018-08-15,-0.0049400141143261566
2018-08-16,-0.0361702127659574
2018-08-17,0.011773362766740274
2018-08-20,-0.024363636363636487
2018-08-21,0.009690644800596497
2018-08-22,0.023624953857512045
2018-08-23,-0.0036062026685900403
2018-08-24,0.0007238508867172961
2018-08-27,0.0065099457504521185
2018-08-28,0.02838663312971615
2018-08-29,-0.00524109014675062
2018-08-30,-0.0031612223393044855
2018-08-31,-0.016913319238900604
2018-09-03,-0.005734767025089552
2018-09-04,-0.0014419610670512424
2018-09-05,0.010108303249097445
2018-09-06,-0.021086490350250196
2018-09-07,-0.006206644760861553
2018-09-10,-0.00036737692872885547
2018-09-11,-0.012495406100698391
2018-09-12,-0.00521027167845179
2018-09-13,0.004115226337448608
2018-09-14,0.002235469448584216
2018-09-17,-0.006319702602230543
2018-09-18,-0.008978675645342228
2018-09-19,0.026047565118912742
2018-09-20,0.01839587932303157
2018-09-21,0.0028901734104045972
2018-09-25,0.021253602305475655
2018-09-26,0.0010582010582009995
2018-09-27,0.008809020436927445
2018-09-28,0.0006985679357318398
2018-10-08,-0.016055846422338704
2018-10-09,-0.029443064916637042
2018-10-10,0.0010964912280701147
2018-10-11,-0.036874771814530825
2018-10-12,-0.027293404094010636
2018-10-15,0.023772408417770823
2018-10-16,-0.018652455272173532
2018-10-17,0.005818463925523625
2018-10-18,-0.019282684149633553
2018-10-19,-0.025560361777428264
2018-10-22,0.0645682001614205
2018-10-23,0.037907505686125845
2018-10-24,-0.04163623082541999
2018-10-25,-0.025152439024390252
2018-10-26,0.03831118060985148
2018-10-29,-0.01844879518072284
2018-10-30,-0.0375911008822403
2018-10-31,0.021522518931845487
2018-11-01,0.0257510729613734
2018-11-02,0.041460631418790354
2018-11-05,-0.003652300949598179
2018-11-06,-0.0117302052785924
2018-11-07,-0.002225519287833841
2018-11-08,0.0007434944237919173
2018-11-09,-0.019687964338781713
2018-11-12,-0.011746873815839241
2018-11-13,0.003067484662576658
2018-11-14,0.022935779816513756
2018-11-15,-0.011210762331838632
2018-11-16,0.018140589569160967
2018-11-19,0.001484780994803321
2018-11-20,0.005930318754633006
2018-11-21,-0.029845246868091355
2018-11-22,0.015191796429927837
2018-11-23,-0.008230452674897215
2018-11-26,-0.026405130139569903
2018-11-27,0.003099573808601431
2018-11-28,-0.0054074932406334335
2018-11-29,0.024854368932038743
2018-11-30,-0.01932550208412268
2018-12-03,0.049072642967542345
2018-12-04,-0.004788213627992504
2018-12-05,-0.009622501850481137
2018-12-06,-0.002615844544095658
2018-12-07,-0.013862869988759893
2018-12-10,-0.011778115501519804
2018-12-11,0.0
2018-12-12,0.008458285274894369
2018-12-13,0.0
2018-12-14,0.014487228364468205
2018-12-17,-0.019541525742202203
2018-12-18,-0.005366040628593315
2018-12-19,-0.008092485549133067
2018-12-20,-0.01670551670551664
2018-12-21,-0.009482418016594142
2018-12-24,-0.016753091344236238
2018-12-25,-0.004056795131845766
2018-12-26,0.0
2018-12-27,0.012219959266802366
2018-12-28,-0.01569416498993951
2019-01-02,0.004905968928863328
2019-01-03,-0.021969080553295342
2019-01-04,-0.006239600665557518
2019-01-07,0.04520719966513182
2019-01-08,-0.0008009611533838691
2019-01-09,0.004809619238476982
2019-01-10,0.0039888312724371015
2019-01-11,0.0007945967421533131
2019-01-14,0.009527590313616571
2019-01-15,-0.008651199370821963
2019-01-16,0.02261007536691795
2019-01-17,-0.0007757951900697786
2019-01-18,-0.003105590062111772
2019-01-21,0.017523364485981196
2019-01-22,0.004209720627631124
2019-01-23,-0.016006097560975704
2019-01-24,0.0015491866769946348
2019-01-25,0.008894044856921964
2019-01-28,0.013415101571483288
2019-01-29,-0.009455370650529394
2019-01-30,0.0022909507445588646
2019-01-31,0.0022857142857141593
2019-02-01,0.013302926643861753
2019-02-11,0.009752438109527532
2019-02-12,0.018020336552748626
2019-02-13,0.0
2019-02-14,0.0
2019-02-15,0.0
2019-02-18,0.0
2019-02-19,0.0
2019-02-20,0.0
2019-02-21,0.0
2019-02-22,0.0
2019-02-25,0.0
2019-02-26,0.0
2019-02-27,0.0
2019-02-28,0.0
2019-03-01,0.0
2019-03-04,0.0
2019-03-05,0.0
2019-03-06,0.0
2019-03-07,0.0
2019-03-08,0.0
2019-03-11,0.0
2019-03-12,0.0
2019-03-13,0.0
2019-03-14,0.0
2019-03-15,0.0
2019-03-18,0.0
2019-03-19,0.0
2019-03-20,0.0
2019-03-21,0.0
2019-03-22,0.0
2019-03-25,0.0
2019-03-26,0.0
2019-03-27,0.0
2019-03-28,0.0
2019-03-29,0.0
2019-04-01,0.0
2019-04-02,0.0
2019-04-03,0.0
2019-04-04,0.0
2019-04-08,0.0
2019-04-09,0.0
2019-04-10,0.0
2019-04-11,0.0
2019-04-12,0.0
2019-04-15,0.0
2019-04-16,0.0
2019-04-17,0.0
2019-04-18,0.0
2019-04-19,0.0
2019-04-22,0.0
2019-04-23,0.0
2019-04-24,0.0
2019-04-25,0.0
2019-04-26,0.0
2019-04-29,0.0
2019-04-30,0.0
2019-05-06,0.0
2019-05-07,0.0
2019-05-08,0.0
2019-05-09,0.0
2019-05-10,0.0
2019-05-13,0.0
2019-05-14,0.0
2019-05-15,0.0
2019-05-16,0.0
2019-05-17,0.0
2019-05-20,0.0
2019-05-21,0.0
2019-05-22,0.0
2019-05-23,0.0
2019-05-24,0.0
2019-05-27,0.0
2019-05-28,0.0
2019-05-29,0.0
2019-05-30,0.0
2019-05-31,0.0
2019-06-03,0.0
2019-06-04,0.0
2019-06-05,0.0
2019-06-06,0.0
2019-06-10,0.0
2019-06-11,0.0
2019-06-12,0.0
2019-06-13,0.0
2019-06-14,0.0
2019-06-17,0.0
2019-06-18,0.0
2019-06-19,0.0
2019-06-20,0.0
2019-06-21,0.0
2019-06-24,0.0
2019-06-25,0.0
2019-06-26,0.0
2019-06-27,0.0
2019-06-28,0.0
2019-07-01,0.0
2019-07-02,0.0
2019-07-03,0.0
2019-07-04,0.0
2019-07-05,0.0
2019-07-08,0.0
2019-07-09,0.0
2019-07-10,0.0
2019-07-11,0.0
2019-07-12,0.0
2019-07-15,0.0
2019-07-16,0.0
2019-07-17,0.0
2019-07-18,0.0
2019-07-19,0.0
2019-07-22,0.0
2019-07-23,0.0
2019-07-24,0.0
2019-07-25,0.0
2019-07-26,0.0
2019-07-29,0.0
2019-07-30,0.0
2019-07-31,0.0
2019-08-01,0.0
2019-08-02,0.0
2019-08-05,0.0
2019-08-06,0.0
2019-08-07,0.0
2019-08-08,0.0
2019-08-09,0.0
2019-08-12,0.0
2019-08-13,0.0
2019-08-14,0.0
2019-08-15,0.0
2019-08-16,0.0
2019-08-19,0.0
2019-08-20,0.0
2019-08-21,0.0
2019-08-22,0.0
2019-08-23,0.0
2019-08-26,0.0
2019-08-27,0.0
2019-08-28,0.0
2019-08-29,0.0
2019-08-30,0.0
2019-09-02,0.0
2019-09-03,0.0
2019-09-04,0.0
2019-09-05,0.0
2019-09-06,0.0
2019-09-09,0.0
2019-09-10,0.0
2019-09-11,0.0
2019-09-12,0.0
2019-09-16,0.0
2019-09-17,0.0
2019-09-18,0.0
2019-09-19,0.0
2019-09-20,0.0
2019-09-23,0.0
2019-09-24,0.0
2019-09-25,0.0
2019-09-26,0.0
2019-09-27,0.0
2019-09-30,0.0
2019-10-08,0.0
2019-10-09,0.0
2019-10-10,0.0
2019-10-11,0.0
2019-10-14,0.0
2019-10-15,0.0
2019-10-16,0.0
2019-10-17,0.0
2019-10-18,0.0
2019-10-21,0.0
2019-10-22,0.0
2019-10-23,0.0
2019-10-24,0.0
2019-10-25,0.0
2019-10-28,0.0
2019-10-29,0.0
2019-10-30,0.0
2019-10-31,0.0
2019-11-01,0.0
2019-11-04,0.0
2019-11-05,0.0
2019-11-06,0.0
2019-11-07,0.0
2019-11-08,0.0
2019-11-11,0.0
2019-11-12,0.0
2019-11-13,0.0
2019-11-14,0.0
2019-11-15,0.0
2019-11-18,0.0
2019-11-19,0.0
2019-11-20,0.0
2019-11-21,0.0
2019-11-22,0.0
2019-11-25,0.0
2019-11-26,0.0
2019-11-27,0.0
2019-11-28,0.0
2019-11-29,0.0
2019-12-02,0.0
2019-12-03,0.0
2019-12-04,0.0
2019-12-05,0.0
2019-12-06,0.0
2019-12-09,0.0
2019-12-10,0.0
2019-12-11,0.0
2019-12-12,0.0
2019-12-13,0.0
2019-12-16,0.0
2019-12-17,0.0
2019-12-18,0.0
2019-12-19,0.0
2019-12-20,0.0
2019-12-23,0.0
2019-12-24,0.0
2019-12-25,0.0
2019-12-26,0.0
2019-12-27,0.0
2019-12-30,0.0
2019-12-31,0.0
2020-01-02,0.0
2020-01-03,0.0
2020-01-06,0.0
2020-01-07,0.0
2020-01-08,0.0
2020-01-09,0.0
2020-01-10,0.0
2020-01-13,0.0
2020-01-14,0.0
2020-01-15,0.0
2020-01-16,0.0
2020-01-17,0.0
2020-01-20,0.0
2020-01-21,0.0
2020-01-22,0.0
2020-01-23,0.0
2020-02-03,0.0
2020-02-04,0.0
2020-02-05,-0.001997003995005837
2020-02-06,0.011843303978135364
2020-02-07,0.0141056422569028
2020-02-10,-0.000591891092039125
2020-02-11,0.012140953509031806
2020-02-12,0.008777062609713266
2020-02-13,0.008990719257540553
2020-02-14,-0.0071859729807414955
2020-02-17,0.011870295309785743
2020-02-18,0.02031473533619441
2020-02-19,-0.005888951205832782
2020-02-20,0.005359661495063452
2020-02-21,0.01907968574635249
2020-02-24,0.0
2020-02-25,-0.01982378854625557
2020-02-26,0.0036516853932583625
2020-02-27,0.005317660229499127
2020-02-28,-0.02032293986636974
2020-03-02,-0.017618641659562406
2020-03-03,0.04888631761643047
2020-03-04,-0.014340871483728741
2020-03-05,0.024062674874090747
2020-03-06,0.0043715846994536334
2020-03-09,-0.026931447225244976
2020-03-10,-0.021246854906346032
2020-03-11,0.024564410168523374
2020-03-12,-0.029272372456091513
2020-03-13,-0.04020677771395751
2020-03-16,0.015559545182525425
2020-03-17,-0.03712433706540954
2020-03-18,-0.016217870257038032
2020-03-19,-0.022395023328149237
2020-03-20,-0.006999681832643978
2020-03-23,-0.023069528997116243
2020-03-24,0.01607084289931121
2020-03-25,0.03357004519044543
2020-03-26,-0.0031230480949405643
2020-03-27,0.014411027568922243
2020-03-30,-0.021618282890673263
2020-03-31,0.013888888888888902
2020-04-01,-0.012141967621419739
2020-04-02,-0.0018909549322408343
2020-04-03,0.016419324281654556
2020-04-07,0.015532774153464013
2020-04-08,0.0018354236769653482
2020-04-09,0.0045801526717557176
2020-04-10,-0.0015197568389057276
2020-04-13,-0.007914764079147771
2020-04-14,0.0030684258975147514
2020-04-15,0.013765677577240721
2020-04-16,-0.01056125528062771
2020-04-17,0.013418725221104008
2020-04-20,0.0036111947035810687
2020-04-21,-0.0017991004497750296
2020-04-22,-0.012316010814058396
2020-04-23,0.016119221411192305
2020-04-24,-0.007482789583956931
2020-04-27,-0.004523522316043418
2020-04-28,0.008482278097546255
2020-04-29,0.0018023430459596645
2020-04-30,0.01169415292353829
2020-05-06,0.0
2020-05-07,0.01570835803200944
2020-05-08,0.0032098044937262944
2020-05-11,0.00872600349040138
2020-05-12,-0.003460207612456716
2020-05-13,-0.0040509259259259535
2020-05-14,0.0020337013364323205
2020-05-15,-0.0034792693534358753
2020-05-18,-0.007855688100087119
2020-05-19,0.014369501466275626
2020-05-20,-0.00289100896212782
2020-05-21,-0.002029573789504218
2020-05-22,-0.010168506682161474
2020-05-25,-0.025242148517757523
2020-05-26,0.006624510689551212
2020-05-27,0.008674842955429276
2020-05-28,-0.004744958481613243
2020-05-29,-0.005065554231227705
2020-06-01,0.020365378855944975
2020-06-02,0.0205459348400351
2020-06-03,0.008628127696290018
2020-06-04,-0.0019960079840319494
2020-06-05,-0.003428571428571524
2020-06-08,0.011754587155963291
2020-06-09,0.0011334655709832712
2020-06-10,0.0059439569770733496
2020-06-11,-0.0033764772087788103
2020-06-12,-0.020045172219085236
2020-06-15,0.005762028233938421
2020-06-16,0.0037238613577770755
2020-06-17,0.007134703196346935
2020-06-18,-0.001983564749220756
2020-06-19,0.01050539466212392
2020-06-22,0.015453779151446925
2020-06-23,-0.0013835085777531388
2020-06-24,0.010529232474369597
2020-06-29,0.0012847981902933793
2020-06-30,0.0
2020-07-01,0.0
2020-07-02,0.0
2020-07-03,0.0
2020-07-06,0.0
2020-07-07,0.0
2020-07-08,0.0
2020-07-09,0.0
2020-07-10,0.0
2020-07-13,0.0
2020-07-14,0.0
2020-07-15,0.0
2020-07-16,0.0
2020-07-17,0.0
2020-07-20,0.0
2020-07-21,0.0
2020-07-22,0.0
2020-07-23,0.0
2020-07-24,0.0
2020-07-27,0.0
2020-07-28,0.0
2020-07-29,0.0
2020-07-30,0.0
2020-07-31,0.0
2020-08-03,0.0
2020-08-04,0.0
2020-08-05,0.0
2020-08-06,0.0
2020-08-07,0.0
2020-08-10,0.0
2020-08-11,0.0
2020-08-12,0.0
2020-08-13,0.0
2020-08-14,0.0
2020-08-17,0.0
2020-08-18,0.0
2020-08-19,0.0
2020-08-20,0.0
2020-08-21,0.0
2020-08-24,0.0
2020-08-25,0.0
2020-08-26,0.0
2020-08-27,0.0
2020-08-28,0.0
2020-08-31,0.0
2020-09-01,0.0
2020-09-02,0.0
2020-09-03,0.0
2020-09-04,0.0
2020-09-07,0.0
2020-09-08,0.0
2020-09-09,0.0
2020-09-10,0.0
2020-09-11,0.0
2020-09-14,0.0
2020-09-15,0.0
2020-09-16,0.0
2020-09-17,0.0
2020-09-18,0.0
2020-09-21,0.0
2020-09-22,0.0
2020-09-23,0.0
2020-09-24,0.0
2020-09-25,0.0
2020-09-28,0.0
2020-09-29,0.0
2020-09-30,0.0
2020-10-09,0.0
2020-10-12,0.0
2020-10-13,0.0
2020-10-14,0.0
2020-10-15,0.0
2020-10-16,0.0
2020-10-19,0.0
2020-10-20,0.0
2020-10-21,0.0
2020-10-22,0.0
2020-10-23,0.0
2020-10-26,0.0
2020-10-27,0.0
2020-10-28,0.0
2020-10-29,0.0
2020-10-30,0.0
2020-11-02,0.0
2020-11-03,0.0
2020-11-04,0.0
2020-11-05,0.0
2020-11-06,0.0
2020-11-09,0.0
2020-11-10,0.0
2020-11-11,0.0
2020-11-12,0.0
2020-11-13,0.0
2020-11-16,0.0
2020-11-17,0.0
2020-11-18,0.0
2020-11-19,0.0
2020-11-20,0.0
2020-11-23,0.0
2020-11-24,0.0
2020-11-25,0.0
2020-11-26,0.0
2020-11-27,0.0
2020-11-30,0.0
2020-12-01,0.0
2020-12-02,0.0
2020-12-03,0.0
2020-12-04,0.0
2020-12-07,0.0
2020-12-08,0.0
2020-12-09,0.0
2020-12-10,0.0
2020-12-11,0.0
2020-12-14,0.0
2020-12-15,0.0
2020-12-16,0.0
2020-12-17,0.0
2020-12-18,0.0
2020-12-21,0.0
2020-12-22,0.0
2020-12-23,0.0
2020-12-24,0.0
2020-12-25,0.0
2020-12-28,0.0
2020-12-29,0.0
2020-12-30,0.0
2020-12-31,0.0
2021-01-04,0.0
2021-01-05,0.0
2021-01-06,0.0
2021-01-07,0.0
2021-01-08,0.0
2021-01-11,0.0
2021-01-12,0.0
2021-01-13,0.0
2021-01-14,0.0
2021-01-15,0.0
2021-01-18,0.0
2021-01-19,0.0
2021-01-20,0.0
2021-01-21,0.0
2021-01-22,0.0
2021-01-25,0.0
2021-01-26,0.0
2021-01-27,0.0
2021-01-28,0.0
2021-01-29,0.0
2021-02-01,0.0
2021-02-02,0.0
2021-02-03,0.0
2021-02-04,0.0
2021-02-05,0.0
2021-02-08,0.0
2021-02-09,0.0
2021-02-10,0.0
2021-02-18,0.0
2021-02-19,0.0
2021-02-22,0.0
2021-02-23,0.0
2021-02-24,0.0
2021-02-25,0.0
2021-02-26,0.0
2021-03-01,0.0
2021-03-02,0.0
2021-03-03,0.0
2021-03-04,0.0
2021-03-05,0.0
2021-03-08,0.0
2021-03-09,0.0
2021-03-10,0.0
2021-03-11,0.0
2021-03-12,0.0
2021-03-15,0.0
2021-03-16,0.0
2021-03-17,0.0
2021-03-18,0.0
2021-03-19,0.0
2021-03-22,0.0
2021-03-23,0.0
2021-03-24,0.0
2021-03-25,0.0
2021-03-26,0.0
2021-03-29,0.0
2021-03-30,0.0
2021-03-31,0.0
2021-04-01,0.0
2021-04-02,0.0
2021-04-06,0.0
2021-04-07,0.0
2021-04-08,0.0
2021-04-09,0.0
2021-04-12,0.0
2021-04-13,0.0
2021-04-14,0.0
2021-04-15,0.0
2021-04-16,0.0
2021-04-19,0.0
2021-04-20,0.0
2021-04-21,0.0
2021-04-22,0.0
2021-04-23,0.0
2021-04-26,0.0
2021-04-27,0.0
2021-04-28,0.0
2021-04-29,0.0
2021-04-30,0.0
2021-05-06,0.0
2021-05-07,0.0
2021-05-10,0.0
2021-05-11,0.0
2021-05-12,0.0
2021-05-13,0.0
2021-05-14,0.0
2021-05-17,0.0
2021-05-18,0.0
2021-05-19,0.0
2021-05-20,0.0
2021-05-21,0.0
2021-05-24,0.0
2021-05-25,0.0
2021-05-26,0.0
2021-05-27,0.0
2021-05-28,0.0
2021-05-31,0.0
2021-06-01,0.0
2021-06-02,0.0
2021-06-03,0.0
2021-06-04,0.0
2021-06-07,0.0
2021-06-08,0.0
2021-06-09,0.0
2021-06-10,0.0
2021-06-11,0.0
2021-06-15,0.0
2021-06-16,0.0
2021-06-17,0.0
2021-06-18,0.0
2021-06-21,0.0
2021-06-22,0.0
2021-06-23,0.0
2021-06-24,0.0
2021-06-25,0.0
2021-06-28,0.0
2021-06-29,0.0
2021-06-30,0.0
2021-07-01,0.0
2021-07-02,0.0
2021-07-05,0.0
2021-07-06,0.0
2021-07-07,0.0
2021-07-08,0.0
2021-07-09,0.0
2021-07-12,0.0
2021-07-13,0.0
2021-07-14,0.0
2021-07-15,0.0
2021-07-16,0.0
2021-07-19,0.0
2021-07-20,0.0
2021-07-21,0.0
2021-07-22,0.0
2021-07-23,0.0
2021-07-26,0.0
2021-07-27,0.0
2021-07-28,0.0
2021-07-29,0.0
2021-07-30,-0.001997003995005927
2021-08-02,-0.006048387096774118
2021-08-03,0.025918413342348193
2021-08-04,0.00285588752196852
2021-08-05,0.004381161007667012
2021-08-06,-0.0008724100327152775
2021-08-09,-0.006548788474132374
2021-08-10,0.014502307185233924
2021-08-11,0.013428633311674376
2021-08-12,-0.008121393460141065
2021-08-13,-0.005817711700064685
2021-08-16,-0.004334633723450349
2021-08-17,-0.0006530256856770143
2021-08-18,-0.023088651709867004
2021-08-19,0.008026755852842626
2021-08-20,-0.006193320061933101
2021-08-23,-0.015357222345871311
2021-08-24,0.015144665461121039
2021-08-25,0.012246715653529347
2021-08-26,0.0006599208095029044
2021-08-27,-0.01956473950318757
2021-08-30,0.0071748878923766
2021-08-31,-0.006455921638468263
2021-09-01,-0.0004481290611695661
2021-09-02,0.017933198834341992
2021-09-03,-0.003303237172429085
2021-09-06,-0.005965532479010209
2021-09-07,0.018226272505001345
2021-09-08,0.015062213490504212
2021-09-09,-0.008172043010752698
2021-09-10,0.0013009540329574727
2021-09-13,0.01039411000433088
2021-09-14,-0.004286326618088396
2021-09-15,-0.016142918639690102
2021-09-16,-0.009844672938087903
2021-09-17,-0.012593901900132464
2021-09-22,-0.006265383754754999
2021-09-23,0.012834947083990108
2021-09-24,0.002445531347265537
2021-09-27,0.003770237303171249
2021-09-28,0.002209456473707458
2021-09-29,-0.0072751322751321715
2021-09-30,0.0002220741727735607
2021-10-08,0.012211367673179584
2021-10-11,0.0078964685237989
2021-10-12,-0.005875952121871527
2021-10-13,-0.009194395796847667
2021-10-14,0.012814847547503306
2021-10-15,-0.005235602094240838
2021-10-18,0.005263157894736843
2021-10-19,-0.013743455497382186
2021-10-20,0.013271400132714183
2021-10-21,-0.004365858982754956
2021-10-22,0.00657750493312867
2021-10-25,0.002613809627532069
2021-10-26,0.007169237453834589
2021-10-27,-0.006686798964624622
2021-10-28,-0.013897937024972933
2021-10-29,-0.003083021360933725
2021-11-01,0.0024298652529269682
2021-11-02,0.0011018069634198841
2021-11-03,-0.011446180937706382
2021-11-04,0.0006680026720106125
2021-11-05,0.0037828215398310622
2021-11-08,-0.0022168033695411115
2021-11-09,0.0033325927571649385
2021-11-10,-0.004871567759078882
2021-11-11,-0.006898086337338499
2021-11-12,0.02106206587497204
2021-11-15,-0.0004388852315121483
2021-11-16,-0.0017563117453348368
2021-11-17,-0.0028590279305035445
2021-11-18,-0.0013233348037054273
2021-11-19,-0.008171378091872707
2021-11-22,0.014250723669561306
2021-11-23,0.00043907793633388804
2021-11-24,0.002194426157559669
2021-11-25,0.002627545434639748
2021-11-26,-0.007206813714784785
2021-11-29,-0.014298284205895347
2021-11-30,0.007141263110912783
2021-12-01,-0.0046532240194993
2021-12-02,0.0020035618878006707
2021-12-03,0.003110419906687292
2021-12-06,0.0106312292358804
2021-12-07,0.002849002849002765
2021-12-08,0.0026223776223778007
2021-12-09,0.015475152571926672
2021-12-10,0.011924602704443054
2021-12-13,0.0
2021-12-14,0.0
2021-12-15,0.0
2021-12-16,0.0
2021-12-17,0.0
2021-12-20,0.0
2021-12-21,0.0
2021-12-22,0.0
2021-12-23,0.0
2021-12-24,0.0
2021-12-27,0.0
2021-12-28,0.0
2021-12-29,0.0
2021-12-30,0.0
2021-12-31,0.0
2022-01-04,0.0
2022-01-05,0.0
2022-01-06,0.0
2022-01-07,0.0
2022-01-10,0.0
2022-01-11,0.0
2022-01-12,0.0
2022-01-13,0.0
2022-01-14,0.0
2022-01-17,0.0
2022-01-18,0.0
2022-01-19,0.0
2022-01-20,0.0
2022-01-21,0.0
2022-01-24,0.0
2022-01-25,0.0
2022-01-26,0.0
2022-01-27,0.0
2022-01-28,0.0
2022-02-07,0.0
2022-02-08,-0.001997003995005802
2022-02-09,-0.004670714619336857
2022-02-10,0.010323791647114064
2022-02-11,-0.00836042731072923
2022-02-14,-0.007962529274004667
2022-02-15,-0.007554296506137932
2022-02-16,0.014747859181731786
2022-02-17,-0.0011720581340834175
2022-02-18,-0.0011734334663224262
2022-02-21,0.008458646616541252
2022-02-22,-0.010717614165889863
2022-02-23,-0.002355157795572469
2022-02-24,0.0023607176581682495
2022-02-25,-0.008714083843617788
2022-02-28,0.0021382751247328666
2022-03-01,0.006164058795637709
2022-03-02,0.00023562676720077064
2022-03-03,0.0002355712603063757
2022-03-04,-0.020018841262364823
2022-03-07,-0.011055034847392285
2022-03-08,-0.027217496962332926
2022-03-09,-0.018735948038970857
2022-03-10,0.007128309572301425
2022-03-11,-0.018200202224469195
2022-03-14,0.005664263645726201
2022-03-15,-0.029441884280594008
2022-03-16,-0.026378264310208423
2022-03-17,0.050934706041723087
2022-03-18,-0.0033513792214488088
2022-03-21,0.013709260217278915
2022-03-22,-0.007910181168665528
2022-03-23,0.006687242798354
2022-03-24,-0.0020439448134900533
2022-03-25,-0.0012800819252433058
2022-03-28,-0.028454242501922564
2022-03-29,0.005540897097625329
2022-03-30,-0.00026239832065076636
2022-03-31,0.022309711286089256
2022-04-01,-0.013350449293966678
2022-04-06,0.014571948998178506
2022-04-07,-0.0015388561169530468
2022-04-08,-0.007449267916773714
2022-04-11,-0.0007763975155278772
2022-04-12,-0.02641802641802649
2022-04-13,0.012769353551476438
2022-04-14,0.006566850538481818
2022-04-15,-0.004175365344467678
2022-04-18,-0.003930817610062782
2022-04-19,0.00394632991318063
2022-04-20,-0.007337526205450733
2022-04-21,-0.021119324181626112
2022-04-22,-0.02346278317152109
2022-04-25,-0.005523336095001361
2022-04-26,-0.035823382393779565
2022-04-27,-0.012960829493087475
2022-04-28,0.02947184126057768
2022-04-29,0.016156462585034035
2022-05-05,0.01422594142259418
2022-05-06,-0.015126512651265106
2022-05-09,-0.013124825467746537
2022-05-10,-0.012733446519524539
2022-05-11,0.021782745772427607
2022-05-12,0.012903225806451691
2022-05-13,0.009138742730545515
2022-05-16,0.003293084522502705
2022-05-17,-0.010940919037199086
2022-05-18,0.012997787610619429
2022-05-19,-0.01638001638001632
2022-05-20,0.020260893699694756
2022-05-23,0.016050054406964012
2022-05-24,-0.008835341365461942
2022-05-25,-0.023230686115613085
2022-05-26,0.00636061946902645
2022-05-27,0.010717230008244101
2022-05-30,-0.000543773790103221
2022-05-31,0.001360174102285054
2022-06-01,0.017386579733768014
2022-06-02,-0.006141522029372534
2022-06-06,0.006985491671144507
2022-06-07,0.018409818569903928
2022-06-08,0.006287660466334873
2022-06-09,0.007810466024472701
2022-06-10,-0.014466546112115732
2022-06-13,0.013368283093053773
2022-06-14,-0.011639937920331017
2022-06-15,0.017796388380005065
2022-06-16,0.016713808176909397
2022-06-17,-0.014415781487101811
2022-06-20,0.023094688221709115
2022-06-21,0.0027589666415852223
2022-06-22,-0.0005002501250625665
2022-06-23,-0.012262262262262262
2022-06-24,0.021281986318722954
2022-06-27,0.013396179608037795
2022-06-28,0.005574569400244827
2022-06-29,0.0
2022-06-30,0.0
2022-07-01,0.0
2022-07-04,0.0
2022-07-05,0.0
2022-07-06,0.0
2022-07-07,0.0
2022-07-08,0.0
2022-07-11,0.0
2022-07-12,0.0
2022-07-13,0.0
2022-07-14,0.0
2022-07-15,0.0
2022-07-18,0.0
2022-07-19,0.0
2022-07-20,0.0
2022-07-21,0.0
2022-07-22,0.0
2022-07-25,0.0
2022-07-26,0.0
2022-07-27,0.0
2022-07-28,0.0
2022-07-29,0.0
2022-08-01,0.0
2022-08-02,0.0
2022-08-03,0.0
2022-08-04,0.0
2022-08-05,0.0
2022-08-08,0.0
2022-08-09,0.0
2022-08-10,0.0
2022-08-11,0.0
2022-08-12,0.0
2022-08-15,0.0
2022-08-16,0.0
2022-08-17,0.0
2022-08-18,0.0
2022-08-19,0.0
2022-08-22,0.0
2022-08-23,0.0
2022-08-24,0.0
2022-08-25,0.0
2022-08-26,0.0
2022-08-29,0.0
2022-08-30,0.0
2022-08-31,0.0
2022-09-01,0.0
2022-09-02,0.0
2022-09-05,0.0
2022-09-06,0.0
2022-09-07,0.0
2022-09-08,0.0
2022-09-09,0.0
2022-09-13,0.0
2022-09-14,0.0
2022-09-15,0.0
2022-09-16,0.0
2022-09-19,0.0
2022-09-20,0.0
2022-09-21,0.0
2022-09-22,0.0
2022-09-23,0.0
2022-09-26,0.0
2022-09-27,0.0
2022-09-28,-0.0019970039950057976
2022-09-29,-0.005291005291005361
2022-09-30,-0.00587905935050396
2022-10-10,-0.007885102787946989
2022-10-11,-0.02157252341754191
2022-10-12,-0.001160429358862841
2022-10-13,0.008422887017136258
2022-10-14,0.0103686635944701
2022-10-17,0.012257696693272462
2022-10-18,0.008166713601802348
2022-10-19,-0.009497206703910696
2022-10-20,-0.019740552735476608
2022-10-21,0.004890678941311833
2022-10-24,-0.010878900658459674
2022-10-25,-0.030969609261939268
2022-10-26,-0.0005973715651134678
2022-10-27,0.014644351464435117
2022-10-28,-0.018262150220912998
2022-10-31,-0.02910291029102919
2022-11-01,0.001545117428924647
2022-11-02,0.03085467448318424
2022-11-03,0.009577970667464821
2022-11-04,-0.003557663800770888
2022-11-07,0.031240702171972713
2022-11-08,0.006924408540103859
2022-11-09,-0.0065902578796562935
2022-11-10,-0.017594462070954622
2022-11-11,0.027011156782149187
2022-11-14,0.016009148084619642
2022-11-15,-0.01575689364096779
2022-11-16,0.021726700971983908
2022-11-17,-0.008953553441522218
2022-11-18,-0.0011293054771315022
2022-11-21,-0.012719050310910154
2022-11-22,-0.002862868594331363
2022-11-23,-0.0020097616996843184
2022-11-24,0.008630609896432705
2022-11-25,-0.008841985168282829
2022-11-28,-0.013525179856115236
2022-11-29,0.012252042007001251
2022-11-30,0.024207492795388964
2022-12-01,0.023072594259988817
2022-12-02,-0.006875687568756854
2022-12-05,0.005261700360011027
2022-12-06,0.0049586776859504985
2022-12-07,0.007675438596491162
2022-12-08,-0.0013601741022851355
2022-12-09,0.002179242713157176
2022-12-12,0.005979885838543106
2022-12-13,-0.007295325587679072
2022-12-14,-0.002177463255307565
2022-12-15,0.0016366612111294425
2022-12-16,-0.00136165577342064
2022-12-19,0.002999727297518479
2022-12-20,-0.020935290918977733
2022-12-21,-0.012218828103304567
2022-12-22,0.004217036828788316
2022-12-23,-0.008958566629339297
2022-12-26,0.0016949152542371948
2022-12-27,0.01410039481105479
2022-12-28,-0.0002780867630700626
2022-12-29,-0.005563282336578637
2022-12-30,0.005034965034965
2023-01-03,0.0
2023-01-04,0.0030615084887281553
2023-01-05,0.007491675915649227
2023-01-06,0.015147342329936659
2023-01-09,0.009495387954422204
2023-01-10,0.0008062348830958976
2023-01-11,0.002416756176154656
2023-01-12,0.0016072863648540325
2023-01-13,0.0016047071409468047
2023-01-16,0.013990335113484634
2023-01-17,0.0
2023-01-18,0.0
2023-01-19,0.0
2023-01-20,0.0
2023-01-30,0.0
2023-01-31,0.0
2023-02-01,0.0
2023-02-02,0.0
2023-02-03,0.0
2023-02-06,0.0
2023-02-07,0.0
2023-02-08,0.0
2023-02-09,0.0
2023-02-10,0.0
2023-02-13,0.0
2023-02-14,0.0
2023-02-15,0.0
2023-02-16,0.0
2023-02-17,0.0
2023-02-20,0.0
2023-02-21,0.0
2023-02-22,0.0
2023-02-23,0.0
2023-02-24,0.0
2023-02-27,0.0
2023-02-28,0.0
2023-03-01,0.0
2023-03-02,0.0
2023-03-03,0.0
2023-03-06,0.0
2023-03-07,0.0
2023-03-08,0.0
2023-03-09,0.0
2023-03-10,0.0
2023-03-13,0.0
2023-03-14,0.0
2023-03-15,0.0
2023-03-16,0.0
2023-03-17,0.0
2023-03-20,0.0
2023-03-21,0.0
2023-03-22,0.0
2023-03-23,0.0
2023-03-24,0.0
2023-03-27,0.0
2023-03-28,0.0
2023-03-29,0.0
2023-03-30,0.0
2023-03-31,0.0
2023-04-03,0.0
2023-04-04,0.0
2023-04-06,0.0
2023-04-07,0.0
2023-04-10,0.0
2023-04-11,0.0
2023-04-12,0.0
2023-04-13,0.0
2023-04-14,0.0
2023-04-17,0.0
2023-04-18,0.0
2023-04-19,0.0
2023-04-20,0.0
2023-04-21,0.0
2023-04-24,0.0
2023-04-25,0.0
2023-04-26,0.0
2023-04-27,0.0
2023-04-28,0.0
2023-05-04,0.0
2023-05-05,0.0
2023-05-08,0.0
2023-05-09,0.0
2023-05-10,0.0
2023-05-11,0.0
2023-05-12,0.0
2023-05-15,0.0
2023-05-16,0.0
2023-05-17,0.0
2023-05-18,0.0
2023-05-19,0.0
2023-05-22,0.0
2023-05-23,0.0
2023-05-24,0.0
2023-05-25,0.0
2023-05-26,0.0
2023-05-29,0.0
2023-05-30,0.0
2023-05-31,0.0
2023-06-01,0.0
2023-06-02,-0.001997003995005714
2023-06-05,0.007605633802816895
2023-06-06,-0.0030752026838132365
2023-06-07,-0.007291082445316825
2023-06-08,-0.0067796610169492235
2023-06-09,0.009385665529010193
2023-06-12,0.0030994646379262757
2023-06-13,0.0
2023-06-14,0.01095505617977531
2023-06-15,0.001944984717977114
2023-06-16,0.01747088186356083
2023-06-19,0.008176614881439004
2023-06-20,-0.010273046769397005
2023-06-21,-0.001638896476372648
2023-06-26,-0.018878248974008267
2023-06-27,-0.006692693809258297
2023-06-28,0.005895564289725022
2023-06-29,0.003907340217694578
2023-06-30,-0.005282179594106246
2023-07-03,0.008943543879262177
2023-07-04,0.009695290858725817
2023-07-05,0.0008230452674897483
2023-07-06,-0.007675438596491271
2023-07-07,-0.006906077348066193
2023-07-10,0.0030598052851180915
2023-07-11,0.003050471436494716
2023-07-12,0.004700027647221513
2023-07-13,-0.0011007154650523698
2023-07-14,0.01377410468319572
2023-07-17,-0.003804347826086978
2023-07-18,-0.005728314238952569
2023-07-19,-0.00411522633744863
2023-07-20,0.0035812672176308265
2023-07-21,-0.009607466373867524
2023-07-24,-0.0049889135254989996
2023-07-25,0.013927576601671437
2023-07-26,0.016483516483516543
2023-07-27,0.001351351351351265
2023-07-28,-0.008636977058029707
2023-07-31,0.04002178056084944
2023-08-01,-0.005235602094240927
2023-08-02,-0.005526315789473716
2023-08-03,-0.007409367557554951
2023-08-04,0.02239402825913103
2023-08-07,-0.010169491525423756
2023-08-08,-0.007376185458377281
2023-08-09,-0.0026539278131633127
2023-08-10,0.0
2023-08-11,0.0018626929217669076
2023-08-14,-0.03346613545816752
2023-08-15,0.0021984061555372957
2023-08-16,-0.006854949273375384
2023-08-17,-0.008558807288790693
2023-08-18,0.009189640768588206
2023-08-21,-0.01683222958057395
2023-08-22,-0.007016559079427569
2023-08-23,-0.0022611644997174163
2023-08-24,-0.009915014164305777
2023-08-25,0.0002861230329040841
2023-08-28,0.06721967963386728
2023-08-29,-0.051192709729295044
2023-08-30,0.012429378531073385
2023-08-31,-0.001674107142857217
2023-09-01,-0.0002794857462268793
2023-09-04,0.00922560805143971
2023-09-05,0.005540166204986133
2023-09-06,-0.008264462809917276
2023-09-07,-0.0013888888888888003
2023-09-08,-0.016689847009735803
2023-09-11,-0.0014144271570015535
2023-09-12,0.006798866855524151
2023-09-13,-0.0008441193021946335
2023-09-14,-0.007040270346381422
2023-09-15,0.001418037436188455
2023-09-18,-0.009345794392523319
2023-09-19,0.005145797598627667
2023-09-20,-0.003128555176336731
2023-09-21,-0.0045649072753209795
2023-09-22,-0.009458297506448794
2023-09-25,0.020254629629629508
2023-09-26,-0.005672149744753245
2023-09-27,-0.005419281232173349
2023-09-28,0.005162030398623454
2023-10-09,-0.007988587731811743
2023-10-10,0.0025884383088870862
2023-10-11,-0.006024096385542319
2023-10-12,0.00721500721500734
2023-10-13,-0.005730659025787948
2023-10-16,-0.004034582132564864
2023-10-17,-0.010416666666666775
2023-10-18,-0.0002923976608186474
2023-10-19,-0.011406844106463908
2023-10-20,-0.022781065088757407
2023-10-23,-0.004541326067211582
2023-10-24,-0.004562043795620393
2023-10-25,0.010693553315001464
2023-10-26,-0.009975816203143846
2023-10-27,0.005801526717557302
2023-10-30,0.014571948998178411
2023-10-31,0.0068821065230402385
2023-11-01,0.010401188707280648
2023-11-02,-0.009411764705882373
2023-11-03,-0.005047505938242223
2023-11-06,0.013130408833184181
2023-11-07,0.005007363770250311
2023-11-08,-0.0026377491207502913
2023-11-09,-0.003526300323244114
2023-11-10,-0.0008846947803008353
2023-11-13,-0.0026564344746162908
2023-11-14,-0.0014797277300976875
2023-11-15,0.007705986959098933
2023-11-16,-0.0029411764705881667
2023-11-17,-0.011799410029498488
2023-11-20,0.0020895522388059817
2023-11-21,0.005361930294906162
2023-11-22,-0.004148148148148172
2023-11-23,-0.009520975900029772
2023-11-24,0.005106638630219349
2023-11-27,-0.006575014943215869
2023-11-28,-0.008724428399518631
2023-11-29,0.00333839150227616
2023-11-30,-0.009679370840895362
2023-12-01,0.0021380574221136345
2023-12-04,-0.0030478512648583274
2023-12-05,-0.009782940996637134
2023-12-06,-0.020067922198209295
2023-12-07,0.0022054190296157674
2023-12-08,-0.0018861993083936703
2023-12-11,-0.004724409448818852
2023-12-12,0.01139240506329113
2023-12-13,0.0018773466833541489
2023-12-14,-0.009681449094316143
2023-12-15,-0.006622516556291301
2023-12-18,-0.01015873015873018
2023-12-19,-0.0003207184092366177
2023-12-20,0.0022457491177414308
2023-12-21,-0.015685019206145925
2023-12-22,0.013658536585365798
2023-12-25,0.0025665704202758465
2023-12-26,0.00256000000000007
2023-12-27,-0.005426109160549062
2023-12-28,0.001604621309371016
2023-12-29,0.027875680871515606
2024-01-02,0.0043640897755609954
2024-01-03,-0.017380509000620704
2024-01-04,-0.0012634238787112783
2024-01-05,-0.0120177103099304
2024-01-08,-0.00480153649167742
2024-01-09,-0.012222579607590711
2024-01-10,-0.0003256268316511185
2024-01-11,-0.0029315960912052095
2024-01-12,0.003266906239791107
2024-01-15,-0.006838163464669658
2024-01-16,0.0032786885245902207
2024-01-17,0.0055555555555554925
2024-01-18,-0.022749431264218262
2024-01-19,0.01030927835051529
2024-01-22,0.0052666227781435265
2024-01-23,-0.021611001964636438
2024-01-24,0.013386880856760333
2024-01-25,0.010237780713342236
2024-01-26,0.01896044458973516
2024-01-29,0.0009624639076035074
2024-01-30,-0.01602564102564117
2024-01-31,-0.015635179153094494
2024-02-01,-0.010919920582395713
2024-02-02,0.006022080963533086
2024-02-05,-0.01995344196873968
2024-02-06,0.009161859518154047
2024-02-07,0.04203093476798928
2024-02-08,0.013552758954501398
2024-02-19,0.007004138809296369
2024-02-20,0.0028453999367690163
2024-02-21,0.0015762925598990164
2024-02-22,0.018570978910922395
2024-02-23,0.008652657601977547
2024-02-26,0.0003063725490197871
2024-02-27,-0.01255742725880553
2024-02-28,0.01612903225806439
2024-02-29,-0.014346764346764322
2024-03-01,0.01889129761536079
2024-03-04,0.007598784194528883
2024-03-05,-0.0033182503770738904
2024-03-06,0.0108958837772397
2024-03-07,-0.0029940119760478346
2024-03-08,-0.004804804804804814
2024-03-11,0.0018105009052504103
2024-03-12,0.01566265060240964
2024-03-13,0.0005931198102016469
2024-03-14,-0.0074096028452873795
2024-03-15,-0.005374738727978617
2024-03-18,0.005703992794956519
2024-03-19,0.007462686567164186
2024-03-20,-0.007407407407407415
2024-03-21,0.005671641791044825
2024-03-22,-0.00385871178391223
2024-03-25,-0.011025029797377876
2024-03-26,-0.0030129557095509994
2024-03-27,0.0018132366273798308
2024-03-28,-0.010558069381598853
2024-03-29,0.004878048780487815
2024-04-01,0.010012135922330172
2024-04-02,0.012916791829378195
2024-04-03,-0.003855278766310765
2024-04-08,-0.005954153021732761
2024-04-09,-0.006888289907157854
2024-04-10,-0.000904704463208603
2024-04-11,-0.01297917295502566
2024-04-12,0.003975535168195688
2024-04-15,-0.008528784648187682
2024-04-16,0.017818740399385646
2024-04-17,-0.005131300935707882
2024-04-18,0.011225728155339976
2024-04-19,0.0003000300030002322
2024-04-22,-0.004499100179964084
2024-04-23,-0.0018077734257305996
2024-04-24,-0.005734983398732194
2024-04-25,-0.00060716454159088
2024-04-26,0.0063791008505468165
2024-04-29,0.015997585270147958
2024-04-30,0.011289364230540678
2024-05-06,0.00734430082256158
2024-05-07,0.0014581510644504205
2024-05-08,-0.0005824111822948045
2024-05-09,-0.006701631701631723
2024-05-10,0.012613669697858614
2024-05-13,-0.0075318655851679605
2024-05-14,0.005253940455341502
2024-05-15,-0.002322880371660923
2024-05-16,-0.004947613504074449
2024-05-17,0.0014624159110851378
2024-05-20,0.013726635514018667
2024-05-21,-0.0008643042350907902
2024-05-22,-0.0025951557093424416
2024-05-23,0.00028910089621271285
2024-05-24,-0.011271676300578065
2024-05-27,-0.00789242911429406
2024-05-28,0.0076605774896876255
2024-05-29,-0.006725146198830431
2024-05-30,-0.0014718869590814487
2024-05-31,-0.00029481132075465035
2024-06-03,-0.006487761722205807
2024-06-04,0.0014841199168891897
2024-06-05,0.008298755186722039
2024-06-06,-0.0020576131687242913
2024-06-07,-0.0011782032400588826
2024-06-11,-0.010321439103509347
2024-06-12,-0.006853396901072607
2024-06-13,0.003300330033003162
2024-06-14,-0.008373205741626841
2024-06-17,0.003015681544029003
2024-06-18,0.003607937462417356
2024-06-19,0.0023966446974236725
2024-06-20,-0.004184100418410186
2024-06-21,-0.00780312124849934
2024-06-24,-0.004537205081669647
2024-06-25,-0.0021270130659375402
2024-06-26,-0.007612667478684416
2024-06-27,0.0061368517950291315
2024-06-28,-0.004879536444037826
2024-07-01,0.00398406374501989
2024-07-02,0.002136752136752149
2024-07-03,0.0
2024-07-04,-0.00030459945172091807
2024-07-05,-0.0070079219987812524
2024-07-08,-0.005830009205277618
2024-07-09,-0.0067901234567902145
2024-07-10,0.010876320696084586
2024-07-11,0.007992622194896956
2024-07-12,0.006404391582799546
2024-07-15,0.0
2024-07-16,0.002727272727272848
2024-07-17,0.008763977032336032
2024-07-18,-0.002396644697423551
2024-07-19,0.0072072072072071605
2024-07-22,0.008944543828264671
2024-07-23,-0.008569739952718657
2024-07-24,-0.02116244411326384
2024-07-25,-0.009439707673568661
2024-07-26,-0.0012296341838302818
2024-07-29,0.0030778701138811223
2024-07-30,-0.007364222154035057
2024-07-31,-0.00463678516228731
2024-08-01,0.022049689440993715
2024-08-02,-0.012762078395624378
2024-08-05,-0.008925823330255442
2024-08-06,-0.0009316770186335816
2024-08-07,-0.00839291265153882
2024-08-08,-0.001567398119122157
2024-08-09,0.006279434850863403
2024-08-12,-0.007800312012480507
2024-08-13,0.0
2024-08-14,0.0012578616352200965
2024-08-15,-0.009422110552763855
2024-08-16,0.01236525047558659
2024-08-19,0.0015659254619480383
2024-08-20,0.004690431519699766
2024-08-21,-0.01027077497665728
2024-08-22,-0.00031446540880508786
2024-08-23,-0.005976722239697943
2024-08-26,0.007594936708860711
2024-08-27,-0.0025125628140702932
2024-08-28,-0.005352644836272106
2024-08-29,-0.006647673314340019
2024-08-30,-0.0022307202039515742
2024-09-02,0.012456084318109264
2024-09-03,-0.016088328075709726
2024-09-04,0.0003206155819173387
2024-09-05,-0.00160256410256413
2024-09-06,0.002889245585874797
2024-09-09,-0.013764404609475036
2024-09-10,-0.009412528399870149
2024-09-11,-0.0032765399737878695
2024-09-12,0.001972386587771291
2024-09-13,-0.004593175853018399
2024-09-18,-0.005932762030323001
2024-09-19,0.0053050397877984195
2024-09-20,0.004947229551451273
2024-09-23,0.0036101083032489467
2024-09-24,0.01471550032701124
2024-09-25,0.05639703512729622
2024-09-26,-0.006406345332519865
2024-09-27,0.06908980319312237
2024-09-30,0.0
2024-10-08,0.0
2024-10-09,0.0
2024-10-10,0.0
2024-10-11,0.0
2024-10-14,0.0
2024-10-15,0.0
2024-10-16,0.0
2024-10-17,0.0
2024-10-18,0.0
2024-10-21,0.0
2024-10-22,0.0
2024-10-23,0.0
2024-10-24,0.0
2024-10-25,0.0
2024-10-28,0.0
2024-10-29,0.0
2024-10-30,0.0
2024-10-31,0.0
2024-11-01,0.0
2024-11-04,0.0
2024-11-05,0.0
2024-11-06,0.0
2024-11-07,0.0
2024-11-08,0.0
2024-11-11,0.0
2024-11-12,0.0
2024-11-13,0.0
2024-11-14,0.0
2024-11-15,0.0
2024-11-18,0.0
2024-11-19,0.0
2024-11-20,0.0
2024-11-21,0.0
2024-11-22,0.0
2024-11-25,0.0
2024-11-26,0.0
2024-11-27,0.0
2024-11-28,0.0
2024-11-29,0.0
2024-12-02,0.0
2024-12-03,0.0
2024-12-04,0.0
2024-12-05,0.0
2024-12-06,0.0
2024-12-09,0.0
2024-12-10,0.0
2024-12-11,0.0
2024-12-12,0.0
2024-12-13,0.0
2024-12-16,0.0
2024-12-17,0.0
2024-12-18,0.0
2024-12-19,0.0
2024-12-20,0.0
2024-12-23,0.0
2024-12-24,0.0
2024-12-25,0.0
2024-12-26,0.0
2024-12-27,0.0
2024-12-30,0.0
2024-12-31,0.0
2025-01-02,0.0
2025-01-03,0.0
2025-01-06,0.0
2025-01-07,0.0
2025-01-08,0.0
2025-01-09,0.0
2025-01-10,0.0
2025-01-13,0.0
2025-01-14,0.0
2025-01-15,0.0
2025-01-16,0.0
2025-01-17,0.0
2025-01-20,0.0
2025-01-21,0.0
2025-01-22,0.0
2025-01-23,0.0
2025-01-24,0.0
2025-01-27,0.0
2025-02-05,0.0
2025-02-06,0.0
2025-02-07,0.0
2025-02-10,0.0
2025-02-11,0.0
2025-02-12,0.0
2025-02-13,0.0
2025-02-14,0.0
2025-02-17,0.0
2025-02-18,0.0
2025-02-19,0.0
2025-02-20,0.0
2025-02-21,0.0
2025-02-24,0.0
2025-02-25,0.0
2025-02-26,0.0
2025-02-27,0.0
2025-02-28,0.0
2025-03-03,0.0
2025-03-04,0.0
2025-03-05,0.0
2025-03-06,0.0
2025-03-07,0.0
2025-03-10,0.0
2025-03-11,0.0
2025-03-12,0.0
2025-03-13,0.0
2025-03-14,0.0
2025-03-17,0.0
2025-03-18,0.0
2025-03-19,0.0
2025-03-20,0.0
2025-03-21,0.0
2025-03-24,0.0
2025-03-25,0.0
2025-03-26,0.0
2025-03-27,0.0
2025-03-28,0.0
2025-03-31,0.0
2025-04-01,0.0
2025-04-02,0.0
2025-04-03,0.0
2025-04-07,0.0
2025-04-08,0.0
2025-04-09,0.0
2025-04-10,-0.001997003995005745
2025-04-11,-0.0019412090959510626
2025-04-14,0.013614893025840534
2025-04-15,-0.004111842105263195
2025-04-16,-0.0008257638315442554
2025-04-17,0.00027548209366386027
2025-04-18,0.004131093362710035
2025-04-21,0.0021941854086670832
2025-04-22,0.0027367268746579724
2025-04-23,0.00463973799126631
2025-04-24,-0.0027166530834013126
2025-04-25,0.0013620266957233252
2025-04-28,-0.0010881392818280992
2025-04-29,-0.0024509803921568623
2025-04-30,-0.0010920010920011172
2025-05-06,0.004372779447936581
2025-05-07,0.01741496598639462
2025-05-08,-0.008558438085049564
2025-05-09,0.007553277582951236
2025-05-12,0.004551539491298464
2025-05-13,0.01279317697228141
2025-05-14,-0.004210526315789461
2025-05-15,0.009341920454545568
2025-05-16,0.0
2025-05-19,0.0
2025-05-20,0.0
2025-05-21,0.0
2025-05-22,0.0
2025-05-23,0.0
2025-05-26,0.0
2025-05-27,0.0
2025-05-28,0.0
2025-05-29,0.0
2025-05-30,0.0
2025-06-03,0.0
2025-06-04,0.0
2025-06-05,0.0
2025-06-06,0.0
2025-06-09,0.0
2025-06-10,0.0
2025-06-11,0.0
2025-06-12,0.0
2025-06-13,0.0
2025-06-16,0.0
2025-06-17,0.0
2025-06-18,0.0
2025-06-19,0.0
2025-06-20,0.0
2025-06-23,0.0
2025-06-24,0.0
2025-06-25,0.0
2025-06-26,0.0
2025-06-27,0.0
2025-06-30,0.0
2025-07-01,0.0
2025-07-02,0.0
2025-07-03,0.0
2025-07-04,0.0
2025-07-07,0.0
2025-07-08,0.0
2025-07-09,0.0
2025-07-10,0.0
2025-07-11,0.0
2025-07-14,0.0
2025-07-15,0.0
2025-07-16,0.0
2025-07-17,0.0
2025-07-18,0.0
2025-07-21,0.0
2025-07-22,0.0
2025-07-23,0.0
2025-07-24,0.0
2025-07-25,0.0
2025-07-28,0.0
2025-07-29,0.0
2025-07-30,0.0
2025-07-31,0.0
2025-08-01,0.0
2025-08-04,0.0
2025-08-05,0.0
2025-08-06,0.0
2025-08-07,0.0
2025-08-08,0.0
2025-08-11,0.0
2025-08-12,0.0
2025-08-13,0.0
2025-08-14,0.0
2025-08-15,0.0
2025-08-18,0.0
2025-08-19,0.0
2025-08-20,0.0
2025-08-21,0.0
2025-08-22,0.0
2025-08-25,0.0
2025-08-26,0.0
2025-08-27,0.0
2025-08-28,0.0
2025-08-29,0.0
2025-09-01,0.0
2025-09-02,0.0
2025-09-03,0.0
2025-09-04,0.0
2025-09-05,0.0
2025-09-08,0.0
2025-09-09,0.0
2025-09-10,0.0
2025-09-11,0.0
2025-09-12,0.0
2025-09-15,0.0
2025-09-16,0.0
2025-09-17,0.0
2025-09-18,0.0
2025-09-19,0.0
2025-09-22,0.0
2025-09-23,0.0
2025-09-24,0.0
2025-09-25,0.0
2025-09-26,0.0
2025-09-29,0.0
2025-09-30,0.0
2025-10-09,0.0
2025-10-10,0.0
2025-10-13,0.0
2025-10-14,0.0
2025-10-15,0.0
2025-10-16,0.0
2025-10-17,0.0
2025-10-20,0.0
2025-10-21,0.0
2025-10-22,0.0
2025-10-23,0.0
2025-10-24,0.0
2025-10-27,0.0
2025-10-28,0.0
2025-10-29,0.0
2025-10-30,0.0
2025-10-31,0.0
2025-11-03,0.0
2025-11-04,0.0
2025-11-05,0.0
2025-11-06,0.0
2025-11-07,0.0
2025-11-10,0.0
2025-11-11,0.0
2025-11-12,0.0
2025-11-13,0.0
2025-11-14,0.0
2025-11-17,0.0
2025-11-18,0.0
2025-11-19,0.0
2025-11-20,0.0
2025-11-21,0.0
2025-11-24,0.0
2025-11-25,0.0
2025-11-26,0.0
2025-11-27,0.0
2025-11-28,0.0
2025-12-01,0.0
2025-12-02,0.0
2025-12-03,0.0
2025-12-04,0.0
2025-12-05,0.0
2025-12-08,0.0
2025-12-09,0.0
2025-12-10,0.0
2025-12-11,0.0
2025-12-12,0.0
2025-12-15,0.0
2025-12-16,0.0
2025-12-17,0.0
2025-12-18,0.0
2025-12-19,0.0
2025-12-22,0.0
2025-12-23,0.0
2025-12-24,0.0
2025-12-25,0.0
2025-12-26,0.0
2025-12-29,0.0
2025-12-30,0.0
2025-12-31,0.0
2026-01-05,0.0
2026-01-06,0.0
2026-01-07,0.0
2026-01-08,0.0
2026-01-09,0.0
2026-01-12,0.0
2026-01-13,0.0
2026-01-14,0.0
2026-01-15,0.0
2026-01-16,0.0
2026-01-19,0.0
2026-01-20,0.0
2026-01-21,0.0
2026-01-22,0.0
2026-01-23,0.0
2026-01-26,0.0
2026-01-27,0.0
2026-01-28,0.0
2026-01-29,0.0
2026-01-30,0.0
2026-02-02,0.0
2026-02-03,0.0
2026-02-04,0.0
2026-02-05,0.0
2026-02-06,0.0
2026-02-09,0.0
2026-02-10,0.0
2026-02-11,0.0
2026-02-12,0.0
2026-02-13,0.0
2026-02-24,0.0
2026-02-25,0.0
2026-02-26,0.0
2026-02-27,0.0
2026-03-02,0.0
2026-03-03,0.0
2026-03-04,0.0
2026-03-05,0.0
2026-03-06,0.0
2026-03-09,0.0
2026-03-10,0.0
2026-03-11,0.0
2026-03-12,0.0
2026-03-13,0.0
2026-03-16,0.0
2026-03-17,0.0
2026-03-18,0.0
2026-03-19,0.0
2026-03-20,0.0
2026-03-23,0.0
2026-03-24,0.0
2026-03-25,-0.001997003995006037
2026-03-26,0.005764966740576486
2026-03-27,-0.018959435626102073
